uniprot_id,range,signal_type
O75489,"[(0, 35)]",['MT']
Q96BY9,"[(0, 29)]",['SP']
P55263,"[(7, 15)]",['NLS']
Q9NPA0,"[(0, 22), (164, 179)]","['SP', 'TM']"
Q8TCT7,"[(0, 24)]",['SP']
Q92896,"[(0, 28), (1146, 1165)]","['SP', 'TM']"
Q96GM8,"[(334, 346)]",['NLS']
Q12907,"[(0, 43), (322, 344)]","['SP', 'TM']"
Q7Z6M4,"[(0, 41)]",['MT']
Q8NI60,"[(0, 161)]",['MT']
Q86WB0,"[(395, 401)]",['NLS']
P11279,"[(0, 27), (382, 404)]","['SP', 'TM']"
P78545,"[(101, 111), (274, 283)]","['NES', 'NES']"
Q9C0C9,"[(511, 535)]",['NLS']
O75554,"[(116, 121)]",['NLS']
O95571,"[(0, 6)]",['MT']
Q6ZN17,"[(111, 124), (238, 249)]","['NLS', 'NLS']"
Q8IXJ6,"[(40, 50)]",['NES']
P23497,"[(532, 537)]",['NLS']
O43653,"[(0, 19), (36, 113)]","['SP', 'GPI']"
Q9H814,"[(129, 138)]",['NES']
P15260,"[(0, 16), (246, 269)]","['SP', 'TM']"
Q15084,"[(0, 18)]",['SP']
Q9UHK6,"[(379, 381)]",['PTS']
Q96E29,"[(0, 67)]",['MT']
Q9BUF7,"[(0, 25), (55, 78)]","['SP', 'TM']"
P53801,"[(121, 126)]",['NLS']
P78423,"[(0, 23), (341, 361)]","['SP', 'TM']"
Q16790,"[(0, 36), (411, 432)]","['SP', 'TM']"
Q13261,"[(0, 29), (205, 227)]","['SP', 'TM']"
Q9UIB8,"[(0, 20), (224, 245)]","['SP', 'TM']"
O00443,"[(1607, 1618)]",['NLS']
Q99757,"[(0, 58)]",['MT']
P57087,"[(0, 27)]",['SP']
Q8NG08,"[(1054, 1077)]",['NES']
P10606,"[(0, 30)]",['MT']
O14561,"[(0, 67)]",['MT']
Q10589,"[(102, 179)]",['GPI']
Q96T23,"[(1083, 1088)]",['NLS']
Q8NFU5,"[(169, 178)]",['NES']
P18583,"[(2033, 2038)]",['NLS']
Q8NFC6,"[(573, 578)]",['NLS']
O95980,"[(893, 970)]",['GPI']
O95866,"[(0, 16)]",['SP']
Q9UII2,"[(0, 24)]",['MT']
O43543,"[(215, 220)]",['NES']
Q8NAG6,"[(270, 279), (578, 585)]","['NES', 'NLS']"
Q9NRG9,"[(543, 545)]",['PTS']
P09326,"[(0, 25), (165, 242)]","['SP', 'GPI']"
Q9H6E4,"[(0, 21)]",['SP']
O14842,"[(6, 27)]",['TM']
P38398,"[(21, 29), (80, 98)]","['NES', 'NES']"
Q13485,"[(139, 148)]",['NES']
P17813,"[(0, 24), (586, 612)]","['SP', 'TM']"
Q02763,"[(0, 21), (746, 769)]","['SP', 'TM']"
P31942,"[(108, 116)]",['NLS']
P52739,"[(136, 147), (316, 327)]","['NLS', 'NLS']"
Q13162,"[(0, 36)]",['SP']
P06748,"[(41, 48), (93, 101)]","['NES', 'NES']"
Q06787,"[(423, 442), (526, 533)]","['NES', 'NLS']"
Q7RTP6,"[(662, 683)]",['NLS']
P49711,"[(591, 597)]",['NLS']
Q15392,"[(0, 21), (32, 51)]","['SP', 'TM']"
Q86Y78,"[(0, 21)]",['SP']
Q92956,"[(0, 37), (205, 224)]","['SP', 'TM']"
Q99523,"[(0, 32), (773, 788)]","['SP', 'TM']"
Q13740,"[(0, 26), (526, 548)]","['SP', 'TM']"
Q15397,"[(105, 117)]",['NLS']
Q8NFP4,"[(877, 954)]",['GPI']
Q8NBL1,"[(0, 22)]",['SP']
Q86YT9,"[(0, 18)]",['SP']
O95831,"[(0, 53)]",['MT']
Q04837,"[(0, 15)]",['MT']
Q86TM6,"[(0, 21), (32, 57)]","['SP', 'TM']"
P04181,"[(0, 34)]",['MT']
P08138,"[(0, 27), (250, 271)]","['SP', 'TM']"
Q9UM73,"[(0, 17), (1033, 1048)]","['SP', 'TM']"
Q95460,"[(0, 21)]",['SP']
Q01638,"[(0, 17), (338, 358)]","['SP', 'TM']"
O43914,"[(0, 20), (42, 63)]","['SP', 'TM']"
Q03405,"[(0, 21)]",['SP']
P30044,"[(211, 213)]",['PTS']
Q8NCC3,"[(0, 32)]",['SP']
P26006,"[(0, 31)]",['SP']
P37173,"[(0, 21), (169, 187)]","['SP', 'TM']"
Q03431,"[(0, 25), (192, 209)]","['SP', 'TM']"
Q9Y624,"[(0, 26)]",['SP']
Q14653,"[(135, 149)]",['NES']
O75509,"[(0, 40), (349, 369)]","['SP', 'TM']"
Q9NQS7,"[(64, 69)]",['NLS']
Q13309,"[(66, 72)]",['NLS']
O95232,"[(288, 293)]",['NLS']
Q8IV63,"[(48, 63)]",['NLS']
Q14190,"[(366, 385)]",['NLS']
Q15043,"[(0, 29), (153, 174)]","['SP', 'TM']"
Q9UGT4,"[(0, 26), (784, 807)]","['SP', 'TM']"
O15381,"[(217, 231)]",['NLS']
Q969Z4,"[(0, 24)]",['SP']
Q9BZR6,"[(0, 25), (395, 472)]","['SP', 'GPI']"
P02649,"[(0, 17)]",['SP']
P13073,"[(0, 21)]",['MT']
Q96S66,"[(0, 17), (182, 202)]","['SP', 'TM']"
P25445,"[(0, 24), (173, 190)]","['SP', 'TM']"
P31785,"[(0, 21), (261, 282)]","['SP', 'TM']"
Q06136,"[(0, 24), (293, 308)]","['SP', 'TM']"
O43567,"[(0, 33), (181, 202)]","['SP', 'TM']"
P27797,"[(0, 16)]",['SP']
Q13651,"[(0, 20), (235, 255)]","['SP', 'TM']"
Q07021,"[(0, 72)]",['MT']
Q9BWV1,"[(0, 29), (855, 877)]","['SP', 'TM']"
Q86UN2,"[(363, 440)]",['GPI']
P23284,"[(0, 32)]",['SP']
P07237,"[(0, 16)]",['SP']
P36957,"[(0, 66)]",['MT']
P25705,"[(0, 42)]",['MT']
P40189,"[(0, 21), (619, 640)]","['SP', 'TM']"
Q15155,"[(0, 30), (1158, 1173)]","['SP', 'TM']"
Q9P246,"[(0, 13), (217, 234)]","['SP', 'TM']"
Q15904,"[(0, 40), (425, 449)]","['SP', 'TM']"
P10909,"[(0, 21)]",['SP']
P10124,"[(0, 26)]",['SP']
O00206,"[(0, 22), (631, 655)]","['SP', 'TM']"
Q86W56,"[(9, 15)]",['NLS']
Q9BWC9,"[(150, 163)]",['NLS']
Q92560,"[(716, 721)]",['NLS']
P01730,"[(0, 24), (398, 419)]","['SP', 'TM']"
P23508,"[(765, 781)]",['NLS']
Q9UBP0,"[(3, 10), (58, 66)]","['NLS', 'NES']"
Q9Y3M2,"[(20, 28)]",['NES']
Q969P5,"[(61, 66), (279, 294)]","['NLS', 'NLS']"
Q6UB99,"[(2414, 2423)]",['NES']
Q9BZS1,"[(67, 75), (238, 247)]","['NES', 'NES']"
P09211,"[(194, 207)]",['NLS']
Q9UK80,"[(134, 151)]",['NES']
O95478,"[(0, 51), (130, 153)]","['NLS', 'NLS']"
O14746,"[(830, 1131)]",['NES']
Q9UQV4,"[(0, 26), (387, 402)]","['SP', 'TM']"
O94916,"[(0, 18)]",['NES']
P40238,"[(0, 24), (491, 512)]","['SP', 'TM']"
Q6YHK3,"[(1367, 1444)]",['GPI']
P16284,"[(0, 26), (602, 624)]","['SP', 'TM']"
P07766,"[(0, 21), (129, 148)]","['SP', 'TM']"
P28039,"[(0, 22)]",['SP']
Q0VD86,"[(89, 94)]",['NLS']
Q9NZQ7,"[(0, 17), (239, 258)]","['SP', 'TM']"
O75144,"[(0, 17), (253, 276)]","['SP', 'TM']"
P30101,"[(0, 23)]",['SP']
Q92854,"[(0, 20), (734, 755)]","['SP', 'TM']"
P55145,"[(0, 23)]",['SP']
P28908,"[(0, 17), (386, 406)]","['SP', 'TM']"
O60883,"[(0, 24), (131, 154)]","['SP', 'TM']"
P06729,"[(0, 23), (211, 232)]","['SP', 'TM']"
P49755,"[(0, 30), (185, 204)]","['SP', 'TM']"
Q92833,"[(103, 109)]",['NLS']
Q9UDY8,"[(368, 375), (473, 479)]","['NES', 'NES']"
P35367,"[(29, 49)]",['TM']
Q9NUL5,"[(120, 136), (260, 268)]","['NLS', 'NES']"
Q5VUB5,"[(0, 20), (303, 327)]","['SP', 'TM']"
P61769,"[(0, 19)]",['SP']
Q5TAQ9,"[(38, 49), (113, 121)]","['NES', 'NLS']"
Q9H9S0,"[(124, 133)]",['NES']
Q9ULX6,"[(279, 295)]",['NES']
P09603,"[(0, 31), (496, 517)]","['SP', 'TM']"
Q99519,"[(0, 46)]",['SP']
P55084,"[(0, 32)]",['MT']
Q14980,"[(1983, 1988)]",['NLS']
P03372,"[(443, 455)]",['NES']
P33316,"[(0, 68)]",['MT']
O75475,"[(145, 155)]",['NLS']
P13473,"[(0, 27)]",['SP']
Q9UBE0,"[(191, 209)]",['NLS']
Q8IZP9,"[(0, 36), (629, 652)]","['SP', 'TM']"
Q9UMY1,"[(0, 9), (94, 111), (241, 256)]","['NLS', 'NLS', 'NLS']"
P32004,"[(0, 18)]",['SP']
Q6UWI2,"[(0, 19), (258, 279)]","['SP', 'TM']"
Q9HCC0,"[(0, 21)]",['MT']
Q16740,"[(0, 55)]",['MT']
Q08722,"[(0, 17), (141, 162)]","['SP', 'TM']"
P16444,"[(0, 15), (333, 410)]","['SP', 'GPI']"
Q96F05,"[(0, 19), (400, 421)]","['SP', 'TM']"
Q9NVH6,"[(0, 14)]",['MT']
P07602,"[(0, 15)]",['SP']
Q9Y2I2,"[(0, 27), (461, 538)]","['SP', 'GPI']"
Q9HC62,"[(316, 331)]",['NES']
